{"mean_": [29.69911764705882], "var_": [210.72357975366614], "scale_": [14.516321150817316]}