{"mean_": [32.204207968574636], "var_": [2466.665311685043], "scale_": [49.6655344447741]}