{"mean_": [446.0], "var_": [66156.66666666667], "scale_": [257.20938292890224]}